tipo,numero,archivos
CONC,11,CONC-11.pdf
CONC,87,CONC-87.pdf
CONC,344,CONC-344.pdf
CONC,416,CONC-416.pdf
CONC,557,CONC-557.pdf
CONC,572,CONC-572.pdf
CONC,575,CONC-575.pdf
CONC,702,CONC-702.pdf
CONC,741,CONC-741.pdf
CONC,930,CONC-930.pdf
CONC,990,CONC-990.pdf
CONC,997,CONC-997.pdf
CONC,1003,CONC-1003.pdf
CONC,1098,CONC-1098.pdf
CONC,1106,CONC-1106.pdf
CONC,1171,CONC-1171.pdf
CONC,1178,CONC-1178.pdf
CONC,1208,CONC-1208.pdf
CONC,1209,CONC-1209.pdf
CONC,1222,CONC-1222.pdf
CONC,1237,CONC-1237.PDF
CONC,1241,CONC-1241.pdf
CONC,1247,CONC-1247.pdf
CONC,1255,CONC-1255.pdf
CONC,1256,CONC-1256.pdf
CONC,1259,CONC-1259.pdf
CONC,1261,CONC-1261.pdf
CONC,1272,CONC-1272.pdf
CONC,1277,CONC-1277.pdf
CONC,1280,CONC-1280.pdf
CONC,1295,CONC-1295.pdf
CONC,1310,CONC-1310.pdf
CONC,1316,CONC-1316.pdf
CONC,1331,CONC-1331.pdf
CONC,1347,CONC-1347.pdf
CONC,1348,CONC-1348.pdf
CONC,1349,CONC-1349.pdf
CONC,1369,CONC-1369.pdf
CONC,1370,CONC-1370.pdf
CONC,1374,CONC-1374.pdf
CONC,1386,CONC-1386.pdf
CONC,1404,CONC-1404.pdf
CONC,1406,CONC-1406.pdf
CONC,1409,CONC-1409.pdf
CONC,1412,CONC-1412.pdf
CONC,1414,CONC-1414.pdf
CONC,1415,CONC-1415.pdf
CONC,1418,CONC-1418.pdf
CONC,1431,CONC-1431.pdf
CONC,1435,CONC-1435.pdf
CONC,1437,CONC-1437.pdf
CONC,1443,CONC-1443.pdf
CONC,1448,CONC-1448.pdf
CONC,1449,CONC-1449.pdf
CONC,1450,CONC-1450.pdf
CONC,1451,CONC-1451.pdf
CONC,1460,CONC-1460.pdf
CONC,1463,CONC-1463.pdf
CONC,1486,CONC-1486.pdf
CONC,1492,CONC-1492.PDF
CONC,1510,CONC-1510.pdf
CONC,1516,CONC-1516.pdf
CONC,1523,CONC-1523.pdf
CONC,1535,CONC-1535.pdf
CONC,1538,CONC-1538.PDF
CONC,1542,CONC-1542.pdf
CONC,1555,CONC-1555.pdf
CONC,1568,CONC-1568.pdf
CONC,1576,CONC-1576.pdf
CONC,1582,CONC-1582.PDF
CONC,1635,CONC-1635.pdf
CONC,1646,CONC-1646.pdf
CONC,1690,CONC-1690.pdf
CONC,1821,CONC-1821.pdf
CONC,1854,CONC-1854.pdf
CONC,1861,CONC-1861.pdf
CONC,1929,CONC-1929.pdf
CONC,2007,CONC-2007.pdf
CONC,2013,CONC-2013.pdf
CONC,2022,CONC-2022.pdf
CONC,2024,CONC-2024.pdf; CONC-2024_2.pdf
CONC,2025,CONC-2025.pdf
CONC,2030,CONC-2030.pdf
CONC,2033,CONC-2033.pdf
CONC,2034,CONC-2034.pdf
CONC,2035,CONC-2035.pdf
CONC,2036,CONC-2036.pdf
CONC,2041,CONC-2041.pdf
CONC,2045,CONC-2045.pdf
CONC,2048,CONC-2048.pdf
CONC,2050,CONC-2050.pdf
CONC,20231,CONC-20231.pdf
OPI,288,OPI-288.pdf
